text;Tom label;Antoine label;Bastien label;chatgpt
YOU BETTER SUCK HIS DICK KOZY I SEE YOU WITH KNUCKLES GET EM GYAAAAL;1;1;1;1
Fuckof;1;1;1;1
Dude you could've just saved the image as a png;0;0;0;0
"Make up, dress up, like a princess 
for him slapping, crawl over his groin, all reminds you of being just his whore.
I love that feeling, and where I belong to";1;1;1;1
Nigga said Da Baby look like a PT Cruiser No fucking way????????????;0;0;1;0
you calling me pissbaby summoned me here ihy;0;0;1;0
keep my name out of your mouth ??;0;0;0;0
Absolutely fuckin gorgeous ??;0;0;0;0
no but fr they rlly had a 6+ hour standoff with a fucking snake and never once said ?yk lets just shoot it? its not like we need that thing alive nor should that child be given back his ?pet?;0;0;0;0
setiap lihat teman2ku baru main hades and they?re feeing horny for no reason yeah that?s the point babe this game and the fandom are so horny;1;1;1;1
Snitches;1;0;0;0
lanjiao lockdown so long d cases now still fucking high;0;0;0;0
muge is so ungrateful and cringey bro;1;1;0;0
?.you?re fuking lying no way;1;0;0;0
"???""Tell me then, YOU BROKEDICK SON OF A BITCH!!! HOW IMPORTANT ARE YOU TO MY LOVER THAT YOU HAVE A RIGHT TO TELL HER ANYTHING YOU SAID?!""";1;1;1;1
feeling so sexy and principled at my horrifically corrupt and unfulfilling blue collar job;0;0;0;0
the day my lungs gonna collapse ????;0;0;0;0
I just opened my fridge 3 times thinkin somethin new was gunna pop up smh still ain?t no food in that hoe lmao;0;0;0;0
So cutest damn thing like you got two sexy it..?????????;0;0;0;0
And that's the mentality we're up against. Jaw dropping stupidity;1;0;0;0
The cop who shot her had a legitimate cause to defend corrupt politicians from outraged citizens. The D muscle agent provocateur  who incited her to charge the cops and get shot committed murder. The D prosecutors who released the D muscle are felon prosecutors.;1;0;0;0
I will NOT associate with that nor tolerate it. A shitty human being on top of a lazy one with no work ethic who liked to leach off the success/potential of others. Truly disgusting.;1;0;1;0
no lol ion even know what that big ass word mean lmao;0;0;1;0
I hate that game..;0;0;0;0
I HATE WHEN TEACHERS GET MAD AT THAT Sometimes people need clarification man. Teachers can be so mean;0;0;0;0
If the dick makes me cry, like in a good way, stay away from me satan.;0;0;1;1
I still canr believe it.??????????;0;0;0;0
You should raise the webform....how would they know then that you completed ur medicals;0;0;0;0
im tired too but this is so entertaining i cant;0;0;0;0
People ??;0;0;0;0
Even if they didn?t exploit people to acquire their riches, how are you gonna be okay literally wasting thousands and thousands of dollars while there are still people who are homeless? While there are people skipping life saving medical treatments bc of the cost?;0;0;0;0
He rather have used the cash to buy some clothes that dont resemble a duvet.;1;1;0;0
Baret;0;0;0;0
Bloody awesome!;0;0;0;0
Not news should of spoken to regional ICU nurses. Duct tape and head scratching in the old ICUs;0;0;0;0
Good one bro;0;0;0;0
Twitter down;0;0;0;0
I guess looking at interannotator metrics such as fleiss kappa may be useful to understand how consistent they are? You could look at some kind of document similarity to infer information about the related pages?;0;0;0;0
agree.;0;0;0;0
Film out, your eyes tell, Light, stay gold, crystal snow, don?t leave me, let go, bnyk sihh;0;0;0;0
Haa i understood. Chill just animes.. we all have our own favs..;0;0;0;0
I met my GF in Feb 20 just before the madness ensued. It has been a long distance relationship since, me in Dublin and her in Mexico, with visits in between. Hopefully we can be together long term soon.;0;0;0;0
"Coalition Motorbike Strike Monywa
#July1Coup 
#WhatsHappeningInMyanmar
#MilkTeaAlliance http";0;0;0;0
Louis Burns - Young Mopes;0;0;0;0
the only thing i can imagine is him sitting on it;0;0;0;0
Anyone getting married or recently married watch it ??;0;0;0;0
Correction: Eastern WA will see *smoke from the #LavaFire in CA;0;0;0;0
it feels like she breaks the wall for so free;0;0;0;0
Great African..Please check out our website at http;0;0;0;0
Fb+rt tysm;0;0;0;0
Amen ??;0;0;0;0
Wait what do you mean and a head-;0;0;0;0
Go to @user;0;0;0;0
pain??;0;0;0;
nothing really happened qisnaoakq it's just the one where haechan took a pic with the same op again in this fansign??;0;0;0;0
likes are public??;0;0;0;0
Plugnet for the win... ????;0;0;0;0
"HOTTEST CONTENT???? SEXY POSTURES ????
It worth more then of now, get more subscribers by getting featured with us??
And get limelight ?of 5 million+ network 
DM us love????
http";0;0;0;1
Happy ca day ??;0;0;0;0
/ everywhere i go i see his face;0;0;0;0
pusing;0;0;0;0
Free Britney;0;0;0;0
beautiful;0;0;0;0
i blame YOU;0;0;0;0
if they don?t perform i swear to god i will literally fly there and make them;0;0;0;0
Ouch;0;0;0;0
literally;0;0;0;0
Thank you????;0;0;0;0
hi loml;0;0;0;0
if I'm louder, would you see me??????;0;0;0;0
"Wow. 121 celsius, surprised all of BC not fried 

:wink:";0;0;0;1
He found that video of you!;0;0;0;0
what?s this ??????;0;0;0;0
Thank u raa;0;0;0;0
VOTE FOR CHANGBIN RN;0;0;0;0
"wish me luck! #ShopeexTreasure #AdaTreasurediShopee #ShopeeTreasureTeume

1468";0;0;0;0
yeah you do ??;0;0;0;0
This is a man thing? I keep finding out I'm a man lately ??;0;0;0;0
Do you even know what a proper midfielder is? Plz go to sleep.;0;0;0;0
thank you for the follow;0;0;0;0
"Good morning Molly, it is a lovely looking day outside, my chores that I hope to get done around the house include:strimming, painting and spraying the weeds (I'm going to try &amp; get Weeguy to give me a hand). Do you have any plans  Have a blessed day sister ??????????????????";0;0;0;0
so much black;0;0;0;0
They're in Scotland, think only 30 invited so they all know everything about each other;0;0;0;0
Do we have tags for aespa perf on wcif today?;0;0;0;0
Do you even support Liverpool?;0;0;0;0
Wtb ticket bubble Stray kids;0;0;0;0
im just neww its @user;0;0;0;0
Tried and tested ??????;0;0;0;0
omg I feel acknowledged, that dollar or whatever was worth it;0;0;0;0
"have a nice day guys.I wish you the best of everything! Thank you very much. Best innovative work ever.Good luck and all the best.This is a wonderful opportunity??????

@user
@user
@user
@user
@user
@user
#Airdrop #Solana #KIN";0;0;0;0
Come one come all into 6988;0;0;0;0
u blush when u talk to me stop denying it;0;0;0;0
Great thought;0;0;0;0
noah was just an employee/spy of davianna's family then;0;0;0;0
tempered emotion?;0;0;0;0
"A huge thank you to Thomas Lemberger and Sara Monaco for the great discussion on @user at the YIP Annual Meeting yesterday!
#YIPAnnual2021";0;0;0;0
"I'm gonna try my best! 
http";0;0;0;0
Yeaa...;0;0;0;0
"It is our attitude at the beginning of a difficult task which, more than anything else, will affect its successful outcome.ÿ
 #CathyDollXGulf";0;0;0;0
Axie together strong;0;0;0;0
